gender,race/ethnicity,parental_level_of_education,lunch,test_preparation_course,math_score,reading_score,writing_score,attendance,hours_studied,final_score
0,1,1,1,1,72,72,74,71,4.4,72.7
0,2,4,1,0,69,90,88,99,9.6,82.3
0,1,3,1,1,90,95,93,79,7.6,92.7
1,0,0,0,1,47,57,44,70,6.4,49.3
1,2,4,1,1,76,78,75,72,2.4,76.3
0,1,0,1,1,71,83,78,85,2.4,77.3
0,1,4,1,0,88,95,92,86,1.5,91.7
1,1,4,0,1,40,43,39,78,8.8,40.7
1,3,2,0,0,64,64,67,85,6.4,65.0
0,1,2,0,1,38,60,50,70,7.4,49.3
1,2,0,1,1,58,54,52,85,1.2,54.7
1,3,0,1,1,40,52,43,68,9.7,45.0
0,1,2,1,1,65,81,73,72,8.5,73.0
1,0,4,1,0,78,72,70,82,2.9,73.3
0,0,3,1,1,50,53,58,85,2.6,53.7
0,2,5,1,1,69,75,78,66,2.7,74.0
1,2,2,1,1,88,89,86,76,3.7,87.7
0,1,5,0,1,18,32,28,65,5.7,26.0
1,2,3,0,0,46,42,46,76,4.9,44.7
0,2,0,0,1,54,58,61,80,3.6,57.7
1,3,2,1,1,66,69,63,65,6.5,66.0
0,1,4,0,0,65,75,70,86,2.3,70.0
1,3,4,1,1,44,54,53,76,3.6,50.3
0,2,5,1,1,69,73,73,81,4.3,71.7
1,3,1,0,0,74,71,80,84,5.1,75.0
1,0,3,0,1,73,74,72,75,8.1,73.0
1,1,4,1,1,69,54,55,79,2.8,59.3
0,2,1,1,1,67,69,75,79,5.6,70.3
1,2,2,1,1,70,70,65,83,6.3,68.3
0,3,3,1,1,62,70,75,76,1.4,69.0
0,3,4,1,1,69,74,74,84,6.5,72.3
0,1,4,1,1,63,65,61,67,2.5,63.0
0,4,3,0,1,56,72,65,64,1.6,64.3
1,3,4,1,1,40,42,38,83,9.5,40.0
1,4,4,1,1,97,87,82,71,9.7,88.7
1,4,0,1,0,81,81,79,100,8.3,80.3
0,3,0,1,1,74,81,83,73,3.7,79.3
0,3,5,0,1,50,64,59,66,1.9,57.7
0,3,0,0,0,75,90,88,92,7.2,84.3
1,1,0,0,1,57,56,57,63,5.0,56.7
1,2,0,0,1,55,61,54,73,2.1,56.7
0,2,0,1,1,58,73,68,82,5.5,66.3
0,1,0,1,1,53,58,65,73,1.3,58.7
1,1,4,0,0,59,65,66,95,9.2,63.3
0,4,0,0,1,50,56,54,61,3.3,53.3
1,1,0,1,1,65,54,57,84,7.0,58.7
0,0,0,1,0,55,65,62,94,3.8,60.7
0,2,2,1,1,66,71,76,71,5.7,71.0
0,3,0,0,0,57,74,76,86,5.9,69.0
1,2,2,1,0,82,84,82,87,2.7,82.7
1,4,4,1,1,53,55,48,79,9.7,52.0
1,4,0,0,0,77,69,68,77,8.0,71.3
1,2,4,1,1,53,44,42,78,9.5,46.3
1,3,2,1,1,88,78,75,81,9.1,80.3
0,2,5,0,0,71,84,87,78,6.4,80.7
0,2,2,0,1,33,41,43,77,9.3,39.0
0,4,0,1,0,82,85,86,87,1.8,84.3
1,3,0,1,1,52,55,49,68,2.8,52.0
1,3,4,1,0,58,59,58,81,1.4,58.3
0,2,5,0,1,0,17,10,65,3.9,9.0
1,4,1,0,0,79,74,72,84,4.5,75.0
1,0,5,0,1,39,39,34,63,3.4,37.3
1,0,0,0,1,62,61,55,77,8.5,59.3
0,2,0,1,1,69,80,71,76,4.2,73.3
0,3,5,1,1,59,58,59,66,3.5,58.7
1,1,5,1,1,67,64,61,74,5.9,64.0
1,3,5,0,1,45,37,37,63,2.3,39.7
0,2,4,1,1,60,72,74,78,8.2,68.7
1,1,0,0,1,61,58,56,75,1.7,58.3
0,2,0,1,1,39,64,57,79,9.9,53.3
0,3,4,0,0,58,63,73,82,8.0,64.7
1,3,4,1,0,63,55,63,93,2.8,60.3
0,0,0,0,1,41,51,48,67,1.0,46.7
1,2,5,0,1,61,57,56,80,8.3,58.0
1,2,5,1,1,49,49,41,80,7.4,46.3
1,1,0,0,1,44,41,38,72,7.6,41.0
1,4,5,1,1,30,26,22,82,7.9,26.0
1,0,1,1,0,80,78,81,94,1.7,79.7
0,3,5,1,0,61,74,72,100,4.2,69.0
0,4,3,1,1,62,68,68,77,2.0,66.0
0,1,0,1,1,47,49,50,73,8.8,48.7
1,1,2,0,1,49,45,45,74,6.6,46.3
1,0,4,0,0,50,47,54,87,4.0,50.3
1,4,0,1,1,72,64,63,65,1.6,66.3
1,3,2,0,1,42,39,34,66,3.8,38.3
0,2,4,1,1,73,80,82,73,3.9,78.3
0,2,4,0,1,76,83,88,60,7.6,82.3
0,3,0,1,1,71,71,74,76,6.7,72.0
0,0,4,1,1,58,70,67,72,9.0,65.0
0,3,5,1,1,73,86,82,75,5.2,80.3
0,2,1,1,1,65,72,74,83,2.1,70.3
1,2,2,0,1,27,34,36,76,7.4,32.3
1,2,2,1,1,71,79,71,72,7.8,73.7
1,2,0,0,0,43,45,50,77,6.1,46.0
0,1,4,1,1,79,86,92,67,7.9,85.7
1,2,0,0,0,78,81,82,75,5.4,80.3
1,1,5,1,0,65,66,62,84,5.7,64.3
0,4,4,1,0,63,72,70,89,4.8,68.3
0,3,4,0,1,58,67,62,66,1.2,62.3
0,3,1,1,1,65,67,62,73,2.0,64.7
1,1,4,1,1,79,67,67,71,1.3,71.0
1,3,1,1,0,68,74,74,88,6.7,72.0
0,3,0,1,1,85,91,89,72,3.8,88.3
1,1,2,1,0,60,44,47,91,5.6,50.3
1,2,4,1,0,98,86,90,81,9.2,91.3
0,2,4,1,1,58,67,72,65,3.2,65.7
0,3,3,1,1,87,100,100,80,4.7,95.7
1,4,0,1,0,66,63,64,84,7.8,64.3
0,1,0,0,1,52,76,70,62,3.1,66.0
0,1,5,1,1,70,64,72,76,1.7,68.7
0,3,0,0,0,77,89,98,82,3.6,88.0
1,2,2,1,1,62,55,49,67,2.5,55.3
1,0,0,1,1,54,53,47,65,9.4,51.3
0,3,4,1,1,51,58,54,67,8.3,54.3
0,4,1,1,0,99,100,100,84,6.7,99.7
1,2,2,1,1,84,77,74,79,8.8,78.3
0,1,1,0,1,75,85,82,73,8.2,80.7
0,3,1,1,1,78,82,79,67,2.7,79.7
0,3,5,1,1,51,63,61,65,9.0,58.3
0,2,4,1,1,55,69,65,69,5.9,63.0
0,2,1,1,0,79,92,89,93,8.3,86.7
1,1,0,1,0,91,89,92,86,9.1,90.7
0,2,4,1,0,88,93,93,88,3.9,91.3
1,3,2,0,1,63,57,56,74,2.0,58.7
1,4,4,1,1,83,80,73,79,3.1,78.7
0,1,2,1,1,87,95,86,74,4.8,89.3
1,1,5,1,1,72,68,67,77,8.4,69.0
1,3,4,1,0,65,77,74,98,8.7,72.0
1,3,3,1,1,82,82,74,71,1.1,79.3
0,0,1,1,1,51,49,51,81,5.6,50.3
1,3,3,1,1,89,84,82,84,4.8,85.0
1,2,5,0,0,53,37,40,78,3.0,43.3
1,4,4,0,0,87,74,70,79,2.1,77.0
0,2,4,1,0,75,81,84,86,4.0,80.0
1,3,1,0,0,74,79,75,87,9.5,76.0
1,2,1,1,1,58,55,48,79,3.9,53.7
1,1,5,1,0,51,54,41,90,5.7,48.7
1,4,2,1,1,70,55,56,68,7.3,60.3
0,2,0,1,1,59,66,67,77,4.3,64.0
1,3,4,1,0,71,61,69,86,9.7,67.0
0,3,5,1,1,76,72,71,83,9.7,73.0
0,2,4,0,1,59,62,64,61,3.3,61.7
0,4,4,0,0,42,55,54,84,5.5,50.3
1,0,2,1,1,57,43,47,77,3.7,49.0
1,3,4,1,1,88,73,78,85,3.6,79.7
0,2,4,0,1,22,39,33,65,1.3,31.3
1,1,5,1,1,88,84,75,76,6.5,82.3
1,2,0,0,1,73,68,66,71,5.5,69.0
0,3,1,1,0,68,75,81,99,1.5,74.7
1,4,0,0,0,100,100,93,85,3.5,97.7
1,0,5,1,0,62,67,69,86,9.2,66.0
1,0,1,1,1,77,67,68,65,3.2,70.7
0,1,0,1,0,59,70,66,80,2.3,65.0
1,3,1,1,1,54,49,47,84,5.4,50.0
1,3,5,1,1,62,67,61,77,9.9,63.3
0,2,4,1,0,70,89,88,88,3.2,82.3
0,4,2,0,0,66,74,78,77,7.0,72.7
1,1,4,0,1,60,60,60,66,7.9,60.0
0,1,0,1,0,61,86,87,85,3.1,78.0
1,3,0,0,1,66,62,64,67,7.6,64.0
1,1,0,0,0,82,78,74,83,4.3,78.0
0,4,4,0,0,75,88,85,79,6.7,82.7
1,1,3,0,1,49,53,52,60,6.7,51.3
1,2,2,1,1,52,53,49,83,5.8,51.3
0,4,3,1,1,81,92,91,74,1.8,88.0
0,2,1,1,0,96,100,100,91,8.5,98.7
1,2,2,0,0,53,51,51,89,3.9,51.7
0,1,3,0,0,58,76,78,83,2.7,70.7
0,1,2,1,0,68,83,78,99,1.4,76.3
0,2,4,0,0,67,75,70,91,6.3,70.7
1,0,2,1,0,72,73,74,96,7.1,73.0
1,4,5,1,1,94,88,78,84,1.1,86.7
0,3,4,1,1,79,86,81,76,5.6,82.0
0,2,0,1,1,63,67,70,71,3.0,66.7
0,2,1,0,0,43,51,54,76,6.8,49.3
0,2,3,1,0,81,91,87,82,2.6,86.3
0,1,2,0,0,46,54,58,91,7.2,52.7
0,2,0,1,0,71,77,77,84,4.5,75.0
0,1,3,0,0,52,70,62,91,9.4,61.3
0,3,5,1,0,97,100,100,96,2.2,99.0
1,2,3,0,0,62,68,75,91,4.1,68.3
0,2,4,0,1,46,64,66,61,2.0,58.7
0,4,2,1,1,50,50,47,66,9.3,49.0
0,3,0,1,1,65,69,70,69,8.9,68.0
1,2,5,0,0,45,52,49,75,3.3,48.7
1,2,0,0,0,65,67,65,75,6.9,65.7
1,4,2,1,1,80,76,65,83,8.4,73.7
1,3,5,1,0,62,66,68,81,6.0,65.3
1,1,5,0,1,48,52,45,80,5.8,48.3
0,2,1,1,1,77,88,87,76,3.2,84.0
0,4,0,1,1,66,65,69,70,1.8,66.7
1,3,4,1,0,76,83,79,83,9.1,79.3
0,1,5,1,1,62,64,66,75,9.1,64.0
1,3,4,1,0,77,62,62,96,6.7,67.0
0,2,3,1,0,69,84,85,85,4.1,79.3
1,3,0,1,1,61,55,52,69,4.1,56.0
1,2,5,0,0,59,69,65,94,7.5,64.3
1,4,2,0,1,55,56,51,61,9.1,54.0
0,1,4,0,1,45,53,55,65,9.0,51.0
0,1,1,0,1,78,79,76,70,8.0,77.7
0,2,0,1,0,67,84,86,95,6.8,79.0
0,3,4,0,1,65,81,77,75,1.8,74.3
1,2,0,1,1,69,77,69,65,2.5,71.7
0,1,0,1,1,57,69,68,73,9.1,64.7
1,2,4,1,1,59,41,42,70,6.5,47.3
1,3,5,1,0,74,71,78,95,1.1,74.3
1,4,1,1,1,82,62,62,67,1.9,68.7
1,4,2,1,0,81,80,76,99,7.0,79.0
0,1,4,0,1,74,81,76,63,1.0,77.0
0,1,4,0,1,58,61,66,78,2.4,61.7
1,3,5,0,0,80,79,79,77,5.9,79.3
1,2,4,0,1,35,28,27,78,7.2,30.0
0,2,2,0,1,42,62,60,79,6.9,54.7
1,2,0,0,0,60,51,56,81,3.0,55.7
1,4,2,1,0,87,91,81,99,7.4,86.3
1,1,5,1,0,84,83,75,88,3.1,80.7
0,4,0,0,0,83,86,88,75,3.9,85.7
0,2,2,0,1,34,42,39,67,7.7,38.3
1,1,2,0,1,66,77,70,66,6.8,71.0
1,1,5,1,0,61,56,56,97,8.6,57.7
0,3,2,1,0,56,68,74,87,6.9,66.0
1,1,0,1,1,87,85,73,65,6.1,81.7
0,2,5,0,1,55,65,62,70,1.8,60.7
1,3,5,1,1,86,80,75,82,4.3,80.3
0,1,0,1,0,52,66,73,89,3.4,63.7
0,4,3,0,1,45,56,54,62,3.2,51.7
0,2,4,1,1,72,72,71,71,9.8,71.7
1,3,2,1,1,57,50,54,80,4.5,53.7
1,0,5,0,1,68,72,64,75,9.0,68.0
0,2,4,1,0,88,95,94,99,6.7,92.3
1,3,4,1,1,76,64,66,81,8.2,68.7
1,2,0,1,1,46,43,42,66,5.5,43.7
0,1,1,1,1,67,86,83,65,6.2,78.7
1,4,5,1,1,92,87,78,80,5.4,85.7
1,2,1,1,0,83,82,84,91,2.8,83.0
1,3,0,1,1,80,75,77,69,7.5,77.3
1,3,1,0,1,63,66,67,64,3.5,65.3
0,3,5,1,0,64,60,74,88,1.2,66.0
1,1,4,1,1,54,52,51,73,6.8,52.3
1,2,0,1,1,84,80,80,67,2.6,81.3
1,3,2,0,0,73,68,66,93,9.5,69.0
0,4,1,1,1,80,83,83,80,9.6,82.0
0,3,2,1,1,56,52,55,80,9.2,54.3
1,4,4,1,1,59,51,43,67,4.3,51.0
1,3,5,1,1,75,74,69,84,1.1,72.7
1,2,0,1,1,85,76,71,65,9.4,77.3
1,4,0,1,1,89,76,74,84,4.9,79.7
0,1,2,1,0,58,70,68,90,9.7,65.3
0,1,2,1,1,65,64,62,81,9.7,63.7
1,2,2,1,1,68,60,53,72,8.7,60.3
1,0,5,1,0,47,49,49,83,3.7,48.3
0,3,4,0,1,71,83,83,65,4.5,79.0
0,1,5,1,0,60,70,70,87,8.7,66.7
1,3,3,1,1,80,80,72,84,3.9,77.3
1,3,2,1,1,54,52,52,67,2.5,52.7
0,4,4,1,1,62,73,70,80,6.0,68.3
0,2,0,0,1,64,73,68,62,9.4,68.3
1,2,0,1,0,78,77,77,97,7.3,77.3
0,1,4,1,1,70,75,78,78,6.1,74.3
0,2,3,0,0,65,81,81,92,1.9,75.7
0,2,5,0,0,64,79,77,76,6.5,73.3
1,2,4,1,0,79,79,78,82,9.9,78.7
0,2,5,0,1,44,50,51,75,2.3,48.3
0,4,2,1,1,99,93,90,73,5.7,94.0
1,3,2,1,1,76,73,68,68,8.9,72.3
1,3,5,0,1,59,42,41,60,7.7,47.3
0,2,1,1,1,63,75,81,68,7.3,73.0
0,3,2,1,1,69,72,77,65,7.3,72.7
0,3,0,1,0,88,92,95,93,4.2,91.7
0,4,4,0,1,71,76,70,80,3.6,72.3
1,2,1,1,1,69,63,61,80,8.3,64.3
1,2,4,1,1,58,49,42,84,8.3,49.7
0,3,0,0,1,47,53,58,67,8.8,52.7
0,3,4,1,1,65,70,71,71,9.2,68.7
1,1,4,1,0,88,85,76,82,5.6,83.0
1,2,1,1,1,83,78,73,81,5.5,78.0
0,2,5,1,0,85,92,93,80,8.2,90.0
0,4,2,1,0,59,63,75,95,6.8,65.7
0,2,5,0,1,65,86,80,71,7.3,77.0
1,1,1,0,1,73,56,57,78,8.2,62.0
1,3,2,1,1,53,52,42,78,9.0,49.0
1,3,2,1,1,45,48,46,70,4.0,46.3
0,3,1,0,1,73,79,84,65,4.4,78.7
0,3,4,0,0,70,78,78,87,1.8,75.3
0,1,5,1,1,37,46,46,83,6.2,43.0
1,1,0,1,0,81,82,82,87,1.3,81.7
1,4,0,1,0,97,82,88,81,5.2,89.0
0,1,5,1,1,67,89,82,85,5.9,79.3
1,1,1,0,1,88,75,76,60,3.6,79.7
1,4,5,1,0,77,76,77,94,6.3,76.7
1,2,0,1,1,76,70,68,65,1.3,71.3
1,3,5,1,1,86,73,70,69,1.3,76.3
1,2,5,1,0,63,60,57,95,8.4,60.0
0,4,1,1,1,65,73,75,83,4.2,71.0
1,3,2,0,0,78,77,80,78,2.1,78.3
1,1,0,0,1,67,62,60,62,5.7,63.0
1,0,5,1,0,46,41,43,96,7.9,43.3
1,4,0,1,0,71,74,68,96,2.9,71.0
1,2,2,0,0,40,46,50,86,6.6,45.3
1,3,0,0,1,90,87,75,73,1.8,84.0
1,0,4,0,0,81,78,81,95,1.5,80.0
1,3,5,0,1,56,54,52,65,5.8,54.0
0,2,0,1,0,67,84,81,82,5.9,77.3
1,1,0,1,1,80,76,64,73,6.7,73.3
0,2,0,1,0,74,75,83,84,7.5,77.3
1,0,4,1,1,69,67,69,81,9.8,68.3
1,4,4,1,0,99,87,81,93,5.6,89.0
1,2,5,1,1,51,52,44,85,3.9,49.0
0,1,0,0,1,53,71,67,62,8.2,63.7
0,3,2,0,1,49,57,52,60,3.4,52.7
0,1,0,1,1,73,76,80,84,5.0,76.3
1,1,1,1,1,66,60,57,85,1.7,61.0
1,3,1,1,0,67,61,68,80,1.2,65.3
0,2,0,0,0,68,67,69,77,9.7,68.0
0,2,1,1,0,59,64,75,97,8.5,66.0
1,2,2,1,1,71,66,65,74,7.3,67.3
0,3,3,1,0,77,82,91,82,4.7,83.3
1,2,0,1,1,83,72,78,72,2.6,77.7
1,1,1,1,1,63,71,69,78,2.4,67.7
0,3,0,0,1,56,65,63,77,3.3,61.3
0,2,2,0,0,67,79,84,89,5.9,76.7
0,4,2,1,1,75,86,79,66,7.4,80.0
0,2,4,1,1,71,81,80,74,6.9,77.3
0,2,5,0,1,43,53,53,61,3.5,49.7
0,2,2,0,1,41,46,43,76,9.6,43.3
0,2,4,1,1,82,90,94,72,7.6,88.7
1,2,4,1,1,61,61,62,65,6.0,61.3
1,0,4,0,1,28,23,19,68,6.5,23.3
1,2,0,1,0,82,75,77,90,4.8,78.0
0,1,5,1,1,41,55,51,80,3.2,49.0
1,2,2,1,1,71,60,61,71,4.2,64.0
1,2,0,1,1,47,37,35,74,7.8,39.7
1,4,0,1,0,62,56,53,82,1.1,57.0
1,1,0,1,1,90,78,81,82,2.0,83.0
0,2,1,1,1,83,93,95,77,1.4,90.3
0,1,4,0,1,61,68,66,66,1.4,65.0
1,3,5,1,0,76,70,69,83,8.7,71.7
1,2,0,1,1,49,51,43,77,7.3,47.7
0,1,5,0,1,24,38,27,79,5.3,29.7
0,3,5,0,0,35,55,60,75,1.9,50.0
1,2,2,0,1,58,61,52,67,5.4,57.0
0,2,2,1,1,61,73,63,78,5.3,65.7
0,1,2,1,0,69,76,74,95,2.6,73.0
1,3,0,1,0,67,72,67,93,4.9,68.7
1,3,4,1,1,79,73,67,76,4.6,73.0
0,2,2,1,1,72,80,75,83,6.5,75.7
1,1,4,1,1,62,61,57,79,6.7,60.0
0,2,1,1,0,77,94,95,81,1.4,88.7
1,3,2,0,1,75,74,66,61,4.4,71.7
1,4,0,1,1,87,74,76,83,6.6,79.0
0,1,1,1,1,52,65,69,81,5.5,62.0
1,4,4,1,1,66,57,52,84,8.7,58.3
0,2,4,1,0,63,78,80,89,6.9,73.7
0,2,0,1,1,46,58,57,70,2.5,53.7
0,2,4,1,1,59,71,70,79,1.6,66.7
0,1,1,1,1,61,72,70,75,6.8,67.7
1,0,0,1,1,63,61,61,69,1.2,61.7
0,2,4,0,0,42,66,69,75,6.3,59.0
1,3,4,0,1,59,62,61,67,9.5,60.7
0,3,4,1,1,80,90,89,85,6.2,86.3
0,1,2,1,1,58,62,59,76,4.5,59.7
1,1,5,1,0,85,84,78,91,6.8,82.3
0,2,4,1,1,52,58,58,69,5.1,56.0
0,3,5,0,1,27,34,32,66,5.9,31.0
1,2,4,1,1,59,60,58,68,9.5,59.0
1,0,1,0,0,49,58,60,80,4.5,55.7
1,2,2,1,0,69,58,53,92,9.7,60.0
1,2,1,0,1,61,66,61,79,9.1,62.7
0,0,5,0,1,44,64,58,74,2.8,55.3
0,3,5,1,1,73,84,85,67,1.6,80.7
1,4,4,1,1,84,77,71,72,1.9,77.3
0,2,4,0,0,45,73,70,94,1.2,62.7
1,3,5,1,1,74,74,72,80,1.8,73.3
0,3,4,1,0,82,97,96,92,7.1,91.7
0,3,1,1,1,59,70,73,82,1.6,67.3
1,4,0,0,1,46,43,41,69,3.9,43.3
0,3,5,1,1,80,90,82,83,8.6,84.0
0,3,3,0,0,85,95,100,91,1.2,93.3
0,0,5,1,1,71,83,77,83,8.3,77.0
1,0,1,1,1,66,64,62,69,3.5,64.0
0,1,0,1,1,80,86,83,85,2.1,83.0
1,2,0,1,0,87,100,95,88,7.3,94.0
1,2,3,0,1,79,81,71,71,6.7,77.0
0,4,5,0,1,38,49,45,80,8.9,44.0
0,0,5,0,1,38,43,43,60,7.6,41.3
0,4,4,1,1,67,76,75,65,8.2,72.7
0,4,1,1,1,64,73,70,79,3.5,69.0
0,2,0,0,1,57,78,67,61,2.6,67.3
0,3,2,1,1,62,64,64,80,7.8,63.3
1,3,3,1,1,73,70,75,72,8.3,72.7
1,4,5,0,0,73,67,59,87,9.9,66.3
0,3,4,1,1,77,68,77,85,4.7,74.0
1,4,4,1,1,76,67,67,65,4.3,70.0
1,2,0,1,0,57,54,56,95,8.0,55.7
0,2,5,1,0,65,74,77,86,4.1,72.0
1,0,2,0,1,48,45,41,64,9.4,44.7
0,1,2,0,1,50,67,63,62,8.7,60.0
0,2,0,1,1,85,89,95,76,4.9,89.7
1,1,5,1,1,74,63,57,80,7.8,64.7
1,3,5,1,1,60,59,54,83,7.8,57.7
0,2,5,1,0,59,54,67,84,1.9,60.0
1,0,4,1,1,53,43,43,78,9.1,46.3
0,0,4,0,1,49,65,55,64,5.5,56.3
0,3,2,1,0,88,99,100,94,8.4,95.7
0,2,2,1,1,54,59,62,81,3.9,58.3
0,2,5,1,1,63,73,68,78,9.1,68.0
1,1,0,1,0,65,65,63,99,4.5,64.3
0,1,0,1,1,82,80,77,69,1.1,79.7
0,3,2,0,0,52,57,56,86,9.1,55.0
1,3,0,1,0,87,84,85,95,1.8,85.3
0,3,3,1,0,70,71,74,95,3.9,71.7
1,4,4,1,0,84,83,78,100,9.6,81.7
1,3,0,1,1,71,66,60,71,9.6,65.7
1,1,5,1,0,63,67,67,83,6.2,65.7
0,2,1,0,0,51,72,79,75,6.7,67.3
1,4,2,1,1,84,73,69,69,5.0,75.3
1,2,1,1,0,71,74,68,89,3.6,71.0
1,2,0,1,1,74,73,67,69,4.0,71.3
1,3,4,1,1,68,59,62,68,7.1,63.0
1,4,2,0,0,57,56,54,76,7.8,55.7
0,2,0,0,0,82,93,93,94,8.1,89.3
0,3,2,1,0,57,58,64,89,8.1,59.7
0,3,3,0,0,47,58,67,93,1.8,57.3
0,0,5,1,0,59,85,80,80,5.4,74.7
1,1,4,0,1,41,39,34,64,1.5,38.0
0,2,4,0,1,62,67,62,72,5.9,63.7
1,2,1,1,1,86,83,86,68,5.0,85.0
1,2,5,0,1,69,71,65,75,9.0,68.3
1,0,5,0,1,65,59,53,75,4.2,59.0
1,2,5,0,1,68,63,54,61,2.1,61.7
1,2,0,0,1,64,66,59,76,2.3,63.0
0,2,2,1,1,61,72,70,84,7.9,67.7
1,2,2,1,1,61,56,55,76,6.6,57.3
0,0,5,0,1,47,59,50,77,1.9,52.0
1,2,5,1,1,73,66,66,67,1.8,68.3
1,2,4,0,0,50,48,53,75,7.3,50.3
1,3,0,1,1,75,68,64,65,1.7,69.0
1,3,0,0,1,75,66,73,78,8.4,71.3
1,2,2,1,1,70,56,51,75,7.4,59.0
1,3,5,1,0,89,88,82,84,1.7,86.3
0,2,4,1,0,67,81,79,91,1.8,75.7
0,3,2,1,1,78,81,80,67,9.9,79.7
0,0,5,0,1,59,73,69,60,4.4,67.0
0,1,0,1,1,73,83,76,65,4.3,77.3
1,0,5,0,1,79,82,73,67,8.3,78.0
0,2,5,1,0,67,74,77,89,9.5,72.7
1,3,4,0,1,69,66,60,70,9.9,65.0
1,2,2,1,0,86,81,80,91,7.8,82.3
1,1,2,1,1,47,46,42,77,4.4,45.0
1,1,0,1,1,81,73,72,76,1.8,75.3
0,2,4,0,0,64,85,85,88,8.0,78.0
0,4,4,1,1,100,92,97,66,6.0,96.3
0,2,0,0,1,65,77,74,78,4.8,72.0
1,2,4,0,1,65,58,49,77,9.2,57.3
0,2,0,0,1,53,61,62,62,2.0,58.7
1,2,1,0,1,37,56,47,76,5.4,46.7
0,3,1,1,1,79,89,89,72,1.1,85.7
1,3,0,0,1,53,54,48,69,5.2,51.7
0,4,1,1,1,100,100,100,66,1.5,100.0
1,1,2,1,0,72,65,68,98,2.1,68.3
1,2,1,0,1,53,58,55,68,2.1,55.3
1,1,4,0,1,54,54,45,66,6.8,51.0
0,4,4,1,1,71,70,76,68,7.7,72.3
0,2,4,0,1,77,90,91,80,6.3,86.0
1,0,1,1,0,75,58,62,97,9.7,65.0
0,2,4,1,1,84,87,91,77,4.4,87.3
0,3,0,0,1,26,31,38,70,3.6,31.7
1,0,2,0,0,72,67,65,78,8.8,68.0
0,0,2,0,0,77,88,85,95,3.0,83.3
1,2,4,1,1,91,74,76,68,9.7,80.3
0,2,0,1,0,83,85,90,89,1.1,86.0
0,2,2,1,1,63,69,74,69,9.7,68.7
0,2,0,1,0,68,86,84,88,1.4,79.3
0,3,5,1,1,59,67,61,67,9.0,62.3
0,1,0,1,0,90,90,91,96,5.7,90.3
0,3,1,1,0,71,76,83,82,9.9,76.7
1,4,1,1,0,76,62,66,95,1.7,68.0
1,3,0,1,1,80,68,72,68,6.0,73.3
0,3,3,1,1,55,64,70,82,9.7,63.0
1,4,0,1,1,76,71,67,81,5.7,71.3
1,1,2,1,0,73,71,68,86,6.7,70.7
0,3,0,0,1,52,59,56,64,7.3,55.7
1,2,4,0,1,68,68,61,71,5.1,65.7
1,0,2,1,1,59,52,46,81,6.6,52.3
0,1,0,1,1,49,52,54,77,6.3,51.7
1,2,2,1,1,70,74,71,67,9.1,71.7
1,3,4,0,1,61,47,56,68,1.4,54.7
0,2,0,0,1,60,75,74,76,3.5,69.7
1,1,5,1,0,64,53,57,96,9.6,58.0
1,0,0,0,0,79,82,82,94,9.0,81.0
0,0,0,0,1,65,85,76,75,5.1,75.3
0,2,0,1,1,64,64,70,77,6.6,66.0
0,2,4,1,1,83,83,90,83,3.5,85.3
0,2,1,1,1,81,88,90,81,2.7,86.3
0,1,2,1,1,54,64,68,68,5.2,62.0
1,3,2,1,0,68,64,66,91,4.2,66.0
0,2,4,1,1,54,48,52,73,6.3,51.3
0,3,4,0,0,59,78,76,93,1.7,71.0
0,1,5,1,1,66,69,68,76,9.8,67.7
1,4,4,1,1,76,71,72,73,9.9,73.0
0,3,3,1,1,74,79,82,71,7.3,78.3
0,1,0,1,0,94,87,92,93,5.8,91.0
1,2,4,0,1,63,61,54,79,3.8,59.3
0,4,0,1,0,95,89,92,98,8.3,92.0
0,3,3,0,1,40,59,54,74,7.2,51.0
0,1,5,1,1,82,82,80,80,2.5,81.3
1,0,2,1,1,68,70,66,85,9.2,68.0
1,1,1,0,1,55,59,54,64,8.4,56.0
1,2,3,1,1,79,78,77,67,9.5,78.0
0,2,1,1,1,86,92,87,76,7.5,88.3
1,3,4,1,1,76,71,73,84,6.5,73.3
1,0,5,1,1,64,50,43,85,4.8,52.3
1,3,5,0,1,62,49,52,63,9.4,54.3
0,1,5,1,0,54,61,62,100,8.8,59.0
0,1,3,0,0,77,97,94,90,1.4,89.3
0,2,5,1,0,76,87,85,86,1.2,82.7
0,3,4,1,1,74,89,84,77,4.4,82.3
0,4,4,1,0,66,74,73,100,8.3,71.0
0,3,5,1,0,66,78,78,89,9.9,74.0
0,1,2,0,0,67,78,79,81,2.4,74.7
1,3,4,1,1,71,49,52,78,6.3,57.3
0,2,0,1,1,91,86,84,69,4.4,87.0
1,3,1,1,1,69,58,57,67,9.7,61.3
1,2,3,0,1,54,59,50,70,8.6,54.3
1,2,2,1,0,53,52,49,90,8.5,51.3
1,4,4,1,1,68,60,59,82,5.2,62.3
1,2,5,0,0,56,61,60,89,4.7,59.0
0,2,2,0,1,36,53,43,71,3.5,44.0
0,3,1,0,1,29,41,47,68,1.5,39.0
0,2,0,1,1,62,74,70,74,8.8,68.7
0,2,0,1,0,68,67,73,91,8.3,69.3
0,2,5,1,1,47,54,53,81,10.0,51.3
1,4,0,1,0,62,61,58,85,10.0,60.3
0,4,0,1,0,79,88,94,86,6.0,87.0
1,1,2,1,0,73,69,68,93,7.9,70.0
0,2,1,0,0,66,83,83,87,9.5,77.3
1,2,0,1,0,51,60,58,87,8.6,56.3
0,3,2,1,1,51,66,62,74,3.2,59.7
1,4,1,1,0,85,66,71,88,5.1,74.0
1,0,0,1,0,97,92,86,97,2.2,91.7
1,2,2,1,0,75,69,68,81,9.6,70.7
1,3,0,0,0,79,82,80,79,6.5,80.3
0,2,0,1,1,81,77,79,69,3.1,79.0
0,3,0,1,1,82,95,89,70,7.0,88.7
0,3,3,1,1,64,63,66,83,6.6,64.3
1,4,5,0,0,78,83,80,82,4.2,80.3
0,0,5,1,0,92,100,97,95,2.0,96.3
1,2,2,1,0,72,67,64,92,7.0,67.7
0,2,2,0,1,62,67,64,60,5.7,64.3
1,2,3,1,1,79,72,69,84,8.0,73.3
1,2,5,0,1,79,76,65,76,5.7,73.3
1,1,1,0,0,87,90,88,81,8.7,88.3
0,1,0,1,1,40,48,50,77,6.0,46.0
1,3,4,0,1,77,62,64,63,6.0,67.7
1,4,0,1,1,53,45,40,68,8.9,46.0
0,2,4,0,1,32,39,33,65,4.6,34.7
0,2,0,1,0,55,72,79,98,2.2,68.7
1,2,3,0,1,61,67,66,71,1.3,64.7
0,1,0,0,1,53,70,70,66,7.8,64.3
1,3,5,1,1,73,66,62,74,6.6,67.0
0,3,4,1,0,74,75,79,98,7.3,76.0
0,2,4,1,1,63,74,74,71,2.9,70.3
1,2,1,1,0,96,90,92,82,2.2,92.7
0,3,4,0,0,63,80,80,87,1.1,74.3
1,1,1,0,1,48,51,46,72,4.2,48.3
1,1,0,1,1,48,43,45,82,6.3,45.3
0,4,1,0,0,92,100,100,94,4.5,97.3
0,3,3,0,0,61,71,78,82,4.9,70.0
1,1,2,0,1,63,48,47,68,9.1,52.7
1,3,1,0,1,68,68,67,66,4.1,67.7
1,1,4,1,0,71,75,70,80,5.6,72.0
1,0,1,1,1,91,96,92,67,8.1,93.0
0,2,4,1,1,53,62,56,77,4.6,57.0
0,2,2,0,0,50,66,64,91,6.6,60.0
0,4,2,1,1,74,81,71,65,8.8,75.3
1,0,0,0,0,40,55,53,80,9.5,49.3
1,0,4,1,0,61,51,52,100,2.3,54.7
0,1,2,1,1,81,91,89,70,9.3,87.0
0,1,4,0,0,48,56,58,86,5.4,54.0
0,3,3,1,1,53,61,68,77,3.3,60.7
0,3,5,1,1,81,97,96,77,5.1,91.3
0,4,5,1,1,77,79,80,79,9.8,78.7
0,3,1,0,1,63,73,78,80,5.4,71.3
0,3,0,1,0,73,75,80,95,4.0,76.0
0,3,4,1,1,69,77,77,85,6.7,74.3
0,2,0,1,1,65,76,76,75,3.2,72.3
0,0,2,1,1,55,73,73,69,1.7,67.0
0,2,1,0,1,44,63,62,63,2.2,56.3
0,2,4,1,1,54,64,65,67,2.2,61.0
0,0,5,1,1,48,66,65,83,2.4,59.7
1,2,4,0,1,58,57,54,79,2.2,56.3
1,0,5,1,1,71,62,50,82,6.8,61.0
1,4,1,1,1,68,68,64,79,2.6,66.7
0,4,2,1,1,74,76,73,73,4.1,74.3
0,2,1,1,0,92,100,99,96,9.1,97.0
0,2,1,1,0,56,79,72,93,5.3,69.0
1,1,2,0,1,30,24,15,74,7.0,23.0
1,0,5,1,1,53,54,48,65,2.6,51.7
0,3,2,1,1,69,77,73,85,2.7,73.0
0,3,5,1,1,65,82,81,67,1.4,76.0
0,3,3,1,1,54,60,63,80,2.5,59.0
0,2,2,1,1,29,29,30,75,3.5,29.3
0,4,4,1,1,76,78,80,76,2.6,78.0
1,3,2,0,1,60,57,51,69,1.8,56.0
1,3,3,0,0,84,89,90,90,2.1,87.7
1,2,5,1,1,75,72,62,72,5.1,69.7
0,2,0,1,1,85,84,82,70,2.9,83.7
0,2,3,0,1,40,58,54,71,4.3,50.7
0,4,4,1,1,61,64,62,85,5.5,62.3
0,1,0,1,1,58,63,65,72,7.2,62.0
1,3,4,0,0,69,60,63,78,1.4,64.0
0,2,4,1,1,58,59,66,72,8.2,61.0
1,2,1,1,0,94,90,91,97,6.7,91.7
0,2,0,1,1,65,77,74,69,1.7,72.0
0,0,0,1,1,82,93,93,73,8.9,89.3
0,2,2,1,1,60,68,72,68,9.3,66.7
0,4,1,1,1,37,45,38,81,1.5,40.0
1,3,1,1,1,88,78,83,73,3.5,83.0
1,3,3,1,1,95,81,84,65,8.3,86.7
1,2,0,0,0,65,73,68,95,7.7,68.7
0,2,2,0,1,35,61,54,79,2.7,50.0
1,1,1,0,1,62,63,56,72,2.9,60.3
1,2,2,0,0,58,51,52,90,4.3,53.7
1,0,4,1,0,100,96,86,92,5.4,94.0
0,4,1,0,1,61,58,62,73,6.6,60.3
1,3,4,1,0,100,97,99,82,4.3,98.7
1,1,0,0,0,69,70,63,80,5.2,67.3
1,3,0,1,1,61,48,46,82,7.7,51.7
1,3,4,0,1,49,57,46,78,1.3,50.7
0,2,5,1,0,44,51,55,84,3.3,50.0
1,3,4,1,1,67,64,70,79,7.4,67.0
1,1,2,1,1,79,60,65,66,9.1,68.0
0,1,1,1,0,66,74,81,89,5.6,73.7
0,2,2,1,1,75,88,85,82,5.8,82.7
1,3,5,1,1,84,84,80,77,2.0,82.7
1,0,2,1,1,71,74,64,69,5.0,69.7
0,1,2,0,0,67,80,81,75,5.8,76.0
0,3,5,1,0,80,92,88,80,3.2,86.7
1,4,4,1,1,86,76,74,82,3.4,78.7
0,3,0,1,1,76,74,73,79,4.4,74.3
1,3,2,1,1,41,52,51,81,1.2,48.0
0,3,0,0,0,74,88,90,85,3.9,84.0
0,1,5,0,1,72,81,79,80,2.9,77.3
0,4,2,1,0,74,79,80,96,3.9,77.7
1,1,2,1,1,70,65,60,77,2.1,65.0
0,1,1,1,0,65,81,81,80,9.0,75.7
0,3,0,1,1,59,70,65,66,6.3,64.7
0,4,2,0,1,64,62,68,68,7.1,64.7
0,1,2,1,1,50,53,55,67,8.1,52.7
0,3,4,1,0,69,79,81,80,5.5,76.3
1,2,5,0,0,51,56,53,95,1.8,53.3
0,0,2,1,0,68,80,76,95,5.8,74.7
0,3,4,1,0,85,86,98,85,6.3,89.7
0,0,0,1,0,65,70,74,96,7.7,69.7
0,1,5,1,1,73,79,79,69,4.9,77.0
0,1,4,1,1,62,67,67,69,2.1,65.3
1,2,0,0,1,77,67,64,65,3.6,69.3
1,3,5,1,1,69,66,61,67,4.3,65.3
0,3,0,0,1,43,60,58,80,6.8,53.7
1,3,0,1,1,90,87,85,69,6.1,87.3
1,2,4,0,1,74,77,73,80,4.2,74.7
1,2,5,1,1,73,66,63,69,9.9,67.3
0,3,4,0,1,55,71,69,69,6.5,65.0
0,2,2,1,1,65,69,67,74,3.1,67.0
1,3,0,1,1,80,63,63,83,1.9,68.7
0,2,5,0,0,50,60,60,91,2.4,56.7
0,2,4,0,0,63,73,71,95,3.2,69.0
0,1,1,0,1,77,85,87,73,2.4,83.0
1,2,4,1,1,73,74,61,73,2.7,69.3
1,3,0,1,0,81,72,77,93,3.6,76.7
0,2,2,0,1,66,76,68,60,2.6,70.0
1,3,0,0,1,52,57,50,78,9.1,53.0
0,2,4,1,1,69,78,76,77,1.7,74.3
0,2,0,1,0,65,84,84,92,5.7,77.7
0,3,2,1,0,69,77,78,83,4.7,74.7
0,1,4,1,0,50,64,66,80,9.8,60.0
0,4,4,1,0,73,78,76,96,2.0,75.7
0,2,5,1,0,70,82,76,87,4.6,76.0
1,3,0,0,1,81,75,78,61,9.7,78.0
1,3,4,0,1,63,61,60,67,8.8,61.3
0,3,2,1,1,67,72,74,71,8.4,71.0
1,1,2,1,1,60,68,60,66,3.3,62.7
1,1,2,1,1,62,55,54,67,2.5,57.0
0,2,5,0,0,29,40,44,92,7.0,37.7
1,1,4,1,0,62,66,68,91,9.4,65.3
0,4,3,1,0,94,99,100,80,6.0,97.7
1,4,4,1,0,85,75,68,91,6.1,76.0
1,3,0,0,1,77,78,73,64,3.5,76.0
1,0,2,0,1,53,58,44,76,7.9,51.7
1,4,4,0,1,93,90,83,75,2.7,88.7
0,2,0,1,1,49,53,53,79,3.9,51.7
0,4,0,0,1,73,76,78,74,4.8,75.7
0,2,1,0,0,66,74,81,79,5.6,73.7
0,3,0,1,1,77,77,73,85,3.2,75.7
0,2,5,1,1,49,63,56,78,2.0,56.0
0,3,4,0,1,79,89,86,61,6.5,84.7
0,2,0,1,0,75,82,90,90,3.6,82.3
0,0,1,1,1,59,72,70,83,6.2,67.0
0,3,0,1,0,57,78,79,86,2.4,71.3
1,2,2,0,1,66,66,59,65,5.3,63.7
0,4,1,1,0,79,81,82,81,5.8,80.7
0,1,5,1,1,57,67,72,70,1.5,65.3
1,0,1,1,0,87,84,87,97,4.0,86.0
0,3,4,1,1,63,64,67,66,2.2,64.7
0,1,5,0,0,59,63,64,92,1.6,62.0
1,0,1,0,1,62,72,65,74,9.9,66.3
1,3,2,1,1,46,34,36,83,3.9,38.7
1,2,4,1,1,66,59,52,66,8.3,59.0
1,3,2,1,1,89,87,79,84,3.3,85.0
0,3,0,0,0,42,61,58,80,7.1,53.7
1,2,4,1,0,93,84,90,80,7.8,89.0
0,4,5,1,0,80,85,85,94,6.4,83.3
0,3,4,1,1,98,100,99,74,5.2,99.0
1,3,3,1,1,81,81,84,83,4.7,82.0
0,1,5,1,0,60,70,74,96,4.1,68.0
0,1,0,0,0,76,94,87,79,9.4,85.7
1,2,0,1,0,73,78,72,83,8.5,74.3
0,2,0,1,0,96,96,99,89,9.7,97.0
0,2,2,1,1,76,76,74,81,2.1,75.3
1,4,0,0,0,91,73,80,84,7.6,81.3
0,2,4,0,1,62,72,70,76,9.4,68.0
1,3,5,0,0,55,59,59,94,2.6,57.7
0,1,5,0,0,74,90,88,79,1.6,84.0
1,2,2,1,1,50,48,42,66,7.7,46.7
1,1,4,1,1,47,43,41,70,6.2,43.7
1,4,4,1,0,81,74,71,100,8.6,75.3
0,4,0,1,0,65,75,77,81,2.3,72.3
1,4,5,1,0,68,51,57,92,8.2,58.7
0,3,2,0,1,73,92,84,70,2.8,83.0
1,2,4,1,1,53,39,37,75,2.5,43.0
0,1,0,0,0,68,77,80,90,2.5,75.0
1,0,5,0,1,55,46,43,70,8.3,48.0
0,2,4,1,0,87,89,94,98,7.0,90.0
1,3,5,1,1,55,47,44,79,5.7,48.7
0,4,4,0,1,53,58,57,75,4.2,56.0
1,2,3,1,1,67,57,59,75,8.9,61.0
1,2,0,1,1,92,79,84,80,4.5,85.0
0,1,4,0,0,53,66,73,82,8.3,64.0
1,3,0,1,1,81,71,73,68,5.0,75.0
1,2,2,0,1,61,60,55,67,4.4,58.7
1,3,1,1,1,80,73,72,68,5.2,75.0
0,0,0,0,1,37,57,56,62,3.7,50.0
0,2,2,1,1,81,84,82,67,7.7,82.3
0,2,0,1,0,59,73,72,97,5.5,68.0
1,1,4,0,1,55,55,47,78,3.1,52.3
1,3,0,1,1,72,79,74,83,9.1,75.0
1,3,2,1,1,69,75,71,85,4.5,71.7
1,2,4,1,1,69,64,68,69,5.9,67.0
0,2,1,0,1,50,60,59,77,9.2,56.3
1,1,4,1,0,87,84,86,89,6.6,85.7
1,3,5,1,0,71,69,68,100,2.1,69.3
1,4,4,1,1,68,72,65,70,9.5,68.3
1,2,3,0,0,79,77,75,75,6.6,77.0
0,2,5,1,0,77,90,85,84,4.0,84.0
1,2,0,0,1,58,55,53,68,2.3,55.3
0,4,0,1,1,84,95,92,76,8.1,90.3
1,3,4,1,1,55,58,52,78,6.6,55.0
1,4,1,0,0,70,68,72,76,5.8,70.0
0,3,4,0,0,52,59,65,91,9.0,58.7
1,1,4,1,0,69,77,77,93,8.1,74.3
0,2,2,0,1,53,72,64,72,2.4,63.0
0,3,5,1,1,48,58,54,73,3.8,53.3
1,3,5,1,0,78,81,86,94,3.2,81.7
0,1,2,1,1,62,62,63,79,7.7,62.3
1,3,4,1,1,60,63,59,75,1.3,60.7
0,1,2,1,1,74,72,72,80,6.1,72.7
0,2,2,1,0,58,75,77,96,7.9,70.0
1,1,2,1,0,76,62,60,83,8.9,66.0
0,3,5,1,1,68,71,75,65,4.1,71.3
1,0,4,0,1,58,60,57,67,8.4,58.3
1,1,2,1,1,52,48,49,81,2.0,49.7
1,3,1,1,1,75,73,74,67,8.6,74.0
0,1,5,0,0,52,67,72,94,2.1,63.7
0,2,1,0,1,62,78,79,74,4.6,73.0
1,1,4,1,1,66,65,60,79,8.2,63.7
0,1,5,0,1,49,58,55,73,2.3,54.0
0,1,2,1,1,66,72,70,78,3.1,69.3
0,2,4,0,1,35,44,43,61,7.5,40.7
0,0,4,1,0,72,79,82,92,7.5,77.7
1,4,0,1,0,94,85,82,93,6.8,87.0
0,3,0,0,1,46,56,57,78,7.2,53.0
0,1,3,1,1,77,90,84,71,5.9,83.7
0,1,2,0,0,76,85,82,77,3.3,81.0
0,2,0,1,0,52,59,62,94,4.1,57.7
1,2,1,1,0,91,81,79,93,2.6,83.7
0,1,5,1,0,32,51,44,90,9.2,42.3
0,4,5,0,1,72,79,77,74,6.3,76.0
0,1,4,1,1,19,38,32,77,4.6,29.7
1,2,0,0,1,68,65,61,77,5.2,64.7
0,2,3,0,1,52,65,61,65,9.5,59.3
0,1,2,1,1,48,62,60,67,2.4,56.7
0,3,4,0,1,60,66,70,78,6.3,65.3
1,3,2,0,1,66,74,69,74,5.6,69.7
1,4,5,1,0,89,84,77,84,6.5,83.3
0,1,2,1,1,42,52,51,74,1.2,48.3
0,4,0,0,0,57,68,73,81,8.8,66.0
1,3,2,1,1,70,70,70,81,9.4,70.0
0,4,0,0,1,70,84,81,66,6.1,78.3
1,4,4,1,1,69,60,54,76,7.3,61.0
0,2,0,1,1,52,55,57,81,9.3,54.7
1,2,5,1,0,67,73,68,92,7.4,69.3
1,2,5,1,0,76,80,73,99,2.4,76.3
0,4,0,1,1,87,94,95,68,6.2,92.0
0,1,4,1,1,82,85,87,74,6.5,84.7
0,2,4,1,1,73,76,78,67,4.8,75.7
1,0,4,0,1,75,81,74,68,7.6,76.7
0,3,4,0,1,64,74,75,72,9.4,71.0
0,4,2,0,1,41,45,40,77,9.3,42.0
1,2,2,1,1,90,75,69,79,5.1,78.0
1,1,1,1,1,59,54,51,68,2.0,54.7
1,0,5,1,1,51,31,36,79,9.9,39.3
1,0,2,0,1,45,47,49,61,8.6,47.0
0,2,3,1,0,54,64,67,94,2.1,61.7
1,4,5,1,0,87,84,76,87,9.3,82.3
0,2,2,1,1,72,80,83,72,8.8,78.3
1,1,5,1,0,94,86,87,96,5.7,89.0
0,0,1,1,1,45,59,64,76,6.3,56.0
1,3,1,0,0,61,70,76,93,4.6,69.0
0,1,2,0,1,60,72,68,69,1.5,66.7
0,2,5,1,1,77,91,88,73,4.0,85.3
0,0,5,1,0,85,90,92,84,8.2,89.0
0,3,1,0,1,78,90,93,65,1.0,87.0
1,4,4,0,0,49,52,51,94,4.0,50.7
0,1,2,0,1,71,87,82,61,4.6,80.0
0,2,5,0,1,48,58,52,72,5.8,52.7
1,2,2,1,1,62,67,58,70,9.3,62.3
0,2,0,0,0,56,68,70,79,4.1,64.7
0,2,5,1,1,65,69,76,65,4.1,70.0
0,3,5,0,0,69,86,81,95,7.6,78.7
1,1,5,1,1,68,54,53,85,5.1,58.3
0,0,4,0,1,61,60,57,65,3.0,59.3
0,2,1,0,0,74,86,89,80,5.1,83.0
1,0,1,1,1,64,60,58,80,2.3,60.7
0,1,2,1,0,77,82,89,83,2.6,82.7
1,1,4,1,1,58,50,45,75,5.5,51.0
0,2,2,1,0,60,64,74,88,4.8,66.0
1,4,2,1,1,73,64,57,67,9.2,64.7
0,0,2,1,0,75,82,79,98,4.3,78.7
1,1,0,0,0,58,57,53,82,6.2,56.0
0,2,0,1,1,66,77,73,69,6.7,72.0
0,3,2,0,1,39,52,46,63,1.1,45.7
1,2,5,1,1,64,58,51,70,7.0,57.7
0,1,2,0,0,23,44,36,76,2.6,34.3
1,1,4,0,0,74,77,76,94,9.6,75.7
0,3,5,0,0,40,65,64,85,2.3,56.3
1,4,3,1,1,90,85,84,68,4.7,86.3
1,2,3,1,0,91,85,85,94,1.8,87.0
1,3,2,1,1,64,54,50,70,10.0,56.0
0,2,2,1,1,59,72,68,81,5.5,66.3
1,3,0,1,1,80,75,69,70,6.4,74.7
1,2,3,1,1,71,67,67,83,1.6,68.3
0,0,2,1,1,61,68,63,66,7.7,64.0
0,4,4,1,1,87,85,93,79,2.9,88.3
1,4,5,1,1,82,67,61,75,9.1,70.0
1,2,5,1,1,62,64,55,72,2.8,60.3
0,1,1,1,1,97,97,96,83,2.7,96.7
1,1,4,0,1,75,68,65,72,1.3,69.3
0,2,1,1,1,65,79,81,76,5.2,75.0
1,1,2,1,0,52,49,46,84,6.1,49.0
1,2,0,0,1,87,73,72,65,1.6,77.3
0,2,0,1,1,53,62,53,68,8.0,56.0
0,4,3,0,1,81,86,87,78,5.1,84.7
1,3,1,0,0,39,42,38,94,5.7,39.7
0,2,4,1,0,71,71,80,80,5.0,74.0
1,2,0,1,1,97,93,91,84,4.6,93.7
1,3,4,1,0,82,82,88,96,6.0,84.0
1,2,2,0,1,59,53,52,71,2.4,54.7
1,1,0,1,1,61,42,41,79,2.6,48.0
1,4,0,0,0,78,74,72,75,8.8,74.7
1,2,0,0,1,49,51,51,73,9.5,50.3
1,1,2,1,1,59,58,47,70,4.4,54.7
0,2,4,1,0,70,72,76,84,3.4,72.7
1,1,0,1,0,82,84,78,90,6.8,81.3
1,4,0,0,1,90,90,82,63,4.7,87.3
0,2,1,0,1,43,62,61,72,1.2,55.3
1,2,4,0,1,80,64,66,70,2.4,70.0
1,3,4,1,1,81,82,84,67,7.4,82.3
1,2,5,1,1,57,61,54,65,6.9,57.3
0,3,5,1,1,59,72,80,70,1.2,70.3
0,3,0,1,1,64,76,74,82,3.0,71.3
1,2,1,1,0,63,64,66,89,3.1,64.3
0,4,1,1,0,71,70,70,84,7.0,70.3
0,1,2,0,1,64,73,71,69,1.2,69.3
1,3,1,0,1,55,46,44,71,1.9,48.3
0,4,0,1,1,51,51,54,66,8.2,52.0
0,2,0,1,0,62,76,80,92,2.6,72.7
0,4,0,1,0,93,100,95,87,6.9,96.0
1,2,2,0,1,54,72,59,61,3.1,61.7
0,3,4,0,1,69,65,74,79,1.9,69.3
1,3,2,0,1,44,51,48,60,3.2,47.7
0,4,4,1,0,86,85,91,84,7.5,87.3
0,4,0,1,1,85,92,85,73,8.7,87.3
0,0,3,0,1,50,67,73,76,8.5,63.3
1,3,5,1,0,88,74,75,88,4.6,79.0
0,4,0,1,1,59,62,69,75,7.0,63.3
0,4,5,0,1,32,34,38,74,2.8,34.7
1,1,2,0,1,36,29,27,65,3.6,30.7
0,1,5,0,0,63,78,79,77,9.1,73.3
1,3,0,1,0,67,54,63,96,1.1,61.3
0,3,5,1,0,65,78,82,84,1.8,75.0
1,3,3,1,1,85,84,89,76,2.9,86.0
0,2,3,1,1,73,78,74,82,1.2,75.0
0,0,2,0,0,34,48,41,88,2.6,41.0
0,3,1,0,0,93,100,100,95,6.2,97.7
0,3,5,0,1,67,84,84,70,4.8,78.3
1,3,4,1,1,88,77,77,73,9.0,80.7
1,1,2,1,1,57,48,51,66,8.4,52.0
0,3,4,1,0,79,84,91,91,4.1,84.7
0,2,1,0,1,67,75,72,62,3.3,71.3
1,4,1,1,0,70,64,70,82,4.4,68.0
1,3,1,0,1,50,42,48,60,6.3,46.7
0,0,4,1,1,69,84,82,72,3.4,78.3
0,2,1,1,0,52,61,66,87,6.6,59.7
0,2,1,0,0,47,62,66,85,4.7,58.3
0,1,0,0,1,46,61,55,68,6.0,54.0
0,4,4,1,1,68,70,66,69,4.9,68.0
1,4,1,1,0,100,100,100,93,3.7,100.0
0,2,2,1,1,44,61,52,67,9.5,52.3
0,2,0,1,0,57,77,80,100,7.9,71.3
1,1,4,1,0,91,96,91,84,2.3,92.7
1,3,2,0,1,69,70,67,64,8.8,68.7
0,2,2,0,1,35,53,46,78,5.4,44.7
1,3,2,1,1,72,66,66,78,9.1,68.0
0,1,0,0,1,54,65,65,63,8.2,61.3
1,3,2,0,1,74,70,69,72,4.8,71.0
1,4,5,1,0,74,64,60,89,1.2,66.0
1,4,0,0,1,64,56,52,77,3.4,57.3
0,3,2,0,0,65,61,71,82,5.9,65.7
1,4,0,0,0,46,43,44,82,6.7,44.3
0,2,5,0,1,48,56,51,66,3.3,51.7
1,2,4,0,0,67,74,70,82,2.3,70.3
1,3,4,0,1,62,57,62,73,8.5,60.3
1,3,0,0,0,61,71,73,93,9.9,68.3
1,2,1,0,0,70,75,74,80,5.7,73.0
1,2,0,1,0,98,87,90,80,2.5,91.7
1,3,4,0,1,70,63,58,74,3.5,63.7
1,0,0,1,1,67,57,53,65,1.2,59.0
0,4,2,0,1,57,58,57,76,9.2,57.3
1,3,4,1,0,85,81,85,80,2.1,83.7
1,3,5,1,0,77,68,69,94,6.2,71.3
1,2,3,0,0,72,66,72,76,3.5,70.0
0,3,3,1,1,78,91,96,78,6.0,88.3
1,2,2,1,1,81,66,64,85,6.9,70.3
1,0,5,0,0,61,62,61,82,8.5,61.3
0,1,2,1,1,58,68,61,72,2.9,62.3
0,2,0,1,1,54,61,58,83,1.1,57.7
1,1,2,1,1,82,82,80,71,2.2,81.3
0,3,4,0,1,49,58,60,78,9.1,55.7
1,1,5,0,0,49,50,52,80,8.9,50.3
0,4,2,0,0,57,75,73,80,6.4,68.3
1,4,2,1,1,94,73,71,67,6.4,79.3
0,3,4,1,0,75,77,83,86,7.0,78.3
0,4,5,0,1,74,74,72,78,2.6,73.3
1,2,2,1,0,58,52,54,87,9.2,54.7
0,2,4,1,1,62,69,69,74,4.8,66.7
1,4,0,1,1,72,57,62,84,4.4,63.7
1,2,4,1,1,84,87,81,79,5.7,84.0
0,3,3,1,1,92,100,100,79,1.4,97.3
0,3,2,1,1,45,63,59,65,2.5,55.7
1,2,2,1,1,75,81,71,84,7.6,75.7
0,0,4,1,1,56,58,64,71,1.7,59.3
0,3,5,0,1,48,54,53,63,6.4,51.7
0,4,0,1,1,100,100,100,70,3.2,100.0
0,2,5,0,0,65,76,75,75,4.5,72.0
1,3,4,1,1,72,57,58,69,3.6,62.3
0,3,4,1,1,62,70,72,65,4.2,68.0
1,0,5,1,0,66,68,64,83,7.5,66.0
1,2,4,1,1,63,63,60,66,3.7,62.0
0,4,0,1,1,68,76,67,74,6.1,70.3
0,1,1,1,1,75,84,80,69,5.3,79.7
0,3,1,1,1,89,100,100,74,7.0,96.3
1,2,5,1,0,78,72,69,80,9.4,73.0
0,0,2,0,0,53,50,60,80,7.6,54.3
0,3,4,0,1,49,65,61,72,2.9,58.3
0,0,4,1,1,54,63,67,79,1.3,61.3
0,2,4,1,0,64,82,77,83,3.4,74.3
1,1,4,0,0,60,62,60,87,6.4,60.7
1,2,0,1,1,62,65,58,84,1.5,61.7
1,3,2,1,0,55,41,48,94,5.5,48.0
0,2,0,1,1,91,95,94,72,6.4,93.3
0,1,2,0,1,8,24,23,64,4.0,18.3
1,3,5,1,1,81,78,78,79,7.9,79.0
1,1,5,1,0,79,85,86,83,2.0,83.3
0,0,4,1,0,78,87,91,91,1.7,85.3
0,2,5,1,1,74,75,82,77,7.6,77.0
1,0,2,1,1,57,51,54,66,5.5,54.0
0,2,0,1,1,40,59,51,83,7.2,50.0
1,4,5,1,0,81,75,76,98,4.9,77.3
0,0,5,0,1,44,45,45,63,3.2,44.7
0,3,4,0,0,67,86,83,78,8.4,78.7
1,4,2,0,0,86,81,75,85,8.2,80.7
0,1,5,1,0,65,82,78,84,7.3,75.0
0,3,0,0,1,55,76,76,79,3.4,69.0
0,3,1,0,1,62,72,74,70,6.3,69.3
1,0,2,1,1,63,63,62,74,4.2,62.7
0,4,3,1,0,88,99,95,87,1.8,94.0
1,2,2,0,1,62,55,55,65,9.3,57.3
0,2,2,0,0,59,71,65,80,2.2,65.0
0,3,4,1,0,68,78,77,87,9.6,74.3
0,3,4,0,1,77,86,86,74,5.0,83.0
